input_size,mse,mae,mape
5,9637995091.237473,76603.92258286096,6.862131689675111
12,8303923752.095701,75653.91162600648,6.966512811366981
24,6536669013.717212,65173.62202667474,5.922469818510293
48,6743523702.528682,65005.84935353666,5.866296041136093
