layers,learning_rate,val_loss,mse,mae,mape
(64, 64),0.0001,2577059282944.0,2577059282944.0,787770.8125,68.6537857055664
(128, 64),0.0001,2601125412864.0,2601125412864.0,821066.4375,71.56342315673828
(256, 128),0.0001,43844208951296.0,43844208951296.0,1502929.25,131.45977783203125
(512, 256),0.0001,nan,nan,nan,nan
(64, 32),0.0001,nan,nan,nan,nan
(64, 64),0.001,364964118528.0,364964118528.0,445341.40625,38.7664794921875
(128, 64),0.001,852304986112.0,852304986112.0,652956.5625,56.65787887573242
